state,district,year,tree_cover_loss_ha,co2_emissions_Mg
Goa,North Goa,2001,0.3711353141769748,174.20394917362114
Goa,North Goa,2002,0.8158787217724609,372.57476654057774
Goa,North Goa,2003,2.226542459525282,1132.204059103169
Goa,North Goa,2004,0.3708671711246745,177.04139000749151
Goa,North Goa,2005,11.720901918181424,6313.660110510377
Goa,North Goa,2006,5.120681138757596,2692.1048873760574
Goa,North Goa,2007,3.042243622726237,1603.3173905791757
Goa,North Goa,2008,8.90496287115343,4715.945438163821
Goa,North Goa,2009,2.819945156306424,1557.9968620890684
Goa,North Goa,2010,3.9326537941861983,1942.3416413218868
Goa,North Goa,2011,10.833488096436632,5928.402990059665
Goa,North Goa,2012,10.239245623913304,5615.726272744008
Goa,North Goa,2013,3.339578107041558,1503.2137361728844
Goa,North Goa,2014,4.526085695531141,2222.951004841813
Goa,North Goa,2015,0.5936244841042752,271.8248205579381
Goa,North Goa,2016,12.686016111969945,6566.282047651163
Goa,North Goa,2017,17.06360539728787,8732.077465496252
Goa,North Goa,2018,16.83995696811415,8652.866588844152
Goa,North Goa,2019,23.515377624291997,11922.845900983457
Goa,North Goa,2020,34.576409523530266,18681.308864601466
Goa,North Goa,2021,20.473479014998905,11054.98921419766
Goa,North Goa,2022,17.65682407749837,10657.946199370315
Goa,North Goa,2023,46.29533303428765,23935.07410436637
Goa,North Goa,2024,21.88808703487142,14083.056582334812
Goa,North Goa,2025,14.393422290927193,13286.720402632463
Goa,South Goa,2001,6.469411664538304,3724.356548246368
Goa,South Goa,2002,4.384547365597331,2172.9992180073427
Goa,South Goa,2003,8.396250586311849,4482.51004806413
Goa,South Goa,2004,13.159125623083767,7060.640626619315
Goa,South Goa,2005,27.27555998128744,15304.062045629891
Goa,South Goa,2006,24.455955555421006,13860.25503878583
Goa,South Goa,2007,51.59292202990344,29601.670277736823
Goa,South Goa,2008,60.65747987661893,34957.18736265908
Goa,South Goa,2009,58.94652574434136,34686.18827834825
Goa,South Goa,2010,1.338214734375,706.7720495180184
Goa,South Goa,2011,101.61145213350476,59546.72764812526
Goa,South Goa,2012,24.459153660394424,14245.25468012017
Goa,South Goa,2013,15.163197006255968,8234.013614614249
Goa,South Goa,2014,19.84779201287164,10641.995344750252
Goa,South Goa,2015,10.930393720792644,6134.707080900564
Goa,South Goa,2016,68.15145263721246,35287.33241411469
Goa,South Goa,2017,43.32355823893337,22961.278538055594
Goa,South Goa,2018,33.598716429952795,18909.190056119263
Goa,South Goa,2019,18.06045301959201,10351.831099858897
Goa,South Goa,2020,24.821016785651587,13891.37836155219
Goa,South Goa,2021,7.878028498703344,4929.301601706708
Goa,South Goa,2022,6.093927823963217,3643.4769213779537
Goa,South Goa,2023,31.95728202559409,18743.7633893615
Goa,South Goa,2024,13.301557420633683,7717.317775676651
Goa,South Goa,2025,20.811607301319984,11942.03004905336
Karnataka,Belagavi,2001,1.408926847138129,567.8885867065874
Karnataka,Belagavi,2002,0.3709001429779731,181.6651615402953
Karnataka,Belagavi,2003,1.7062718664708116,653.7489542357581
Karnataka,Belagavi,2004,1.6320759794780817,749.0106099395223
Karnataka,Belagavi,2005,21.653822174297417,10823.587064773055
Karnataka,Belagavi,2006,2.299047564573568,1339.1865367695848
Karnataka,Belagavi,2007,1.1123636445996097,608.519171308518
Karnataka,Belagavi,2008,0.8158442936555989,378.78192541363023
Karnataka,Belagavi,2009,1.92819752909668,969.3255238080592
Karnataka,Belagavi,2011,6.230616148393556,3141.6215678560407
Karnataka,Belagavi,2012,2.818001941880425,1999.2186704967955
Karnataka,Belagavi,2013,6.902981444066299,5240.2682993712
Karnataka,Belagavi,2014,7.714843197925347,5780.829077484773
Karnataka,Belagavi,2015,24.92396929950576,13802.527896712196
Karnataka,Belagavi,2016,43.372135671300974,28617.59480594499
Karnataka,Belagavi,2017,10.161733963041993,10120.28578536564
Karnataka,Belagavi,2018,10.899354575233293,14287.124910533885
Karnataka,Belagavi,2019,21.809651411054688,17895.08752280296
Karnataka,Belagavi,2020,26.70706157733616,16607.370885762844
Karnataka,Belagavi,2021,6.527058989753147,7531.477539548042
Karnataka,Belagavi,2022,4.0794121798752165,8323.55072553138
Karnataka,Belagavi,2023,15.280139523142909,24062.44952352248
Karnataka,Belagavi,2024,5.933450876371528,15557.51688888941
Karnataka,Belagavi,2025,6.525306510564239,14241.032641958673
Karnataka,Chamarajanagar,2001,4.217764712126193,1976.284790955492
Karnataka,Chamarajanagar,2002,2.862606870536567,1379.080429967477
Karnataka,Chamarajanagar,2003,5.874459389881185,3021.466208987729
Karnataka,Chamarajanagar,2004,5.9476627870393886,2781.0154881577423
Karnataka,Chamarajanagar,2005,3.7648452630533855,1815.2569629497648
Karnataka,Chamarajanagar,2006,10.466785560863173,4449.0302442629
Karnataka,Chamarajanagar,2007,10.921838789435764,4728.234327354612
Karnataka,Chamarajanagar,2008,3.087558382394749,1646.3561278427944
Karnataka,Chamarajanagar,2009,0.9788536554378257,544.2942871551521
Karnataka,Chamarajanagar,2010,0.1505192470572916,87.22551985575811
Karnataka,Chamarajanagar,2011,12.502685886414929,5763.850351182236
Karnataka,Chamarajanagar,2012,8.888450985667317,4043.877899641154
Karnataka,Chamarajanagar,2013,3.3898688535839847,2014.205111811744
Karnataka,Chamarajanagar,2014,7.455739797612846,4163.591725840667
Karnataka,Chamarajanagar,2015,0.7529341152745225,362.6262043133871
Karnataka,Chamarajanagar,2016,0.828712119132487,362.0830942805436
Karnataka,Chamarajanagar,2017,4.06888789006836,2176.298429494333
Karnataka,Chamarajanagar,2018,8.813027103771159,4932.673374535808
Karnataka,Chamarajanagar,2019,13.032488667295464,7413.7258257739795
Karnataka,Chamarajanagar,2020,3.464739566152886,1749.2456393361545
Karnataka,Chamarajanagar,2021,3.541632071172417,3042.8519486465734
Karnataka,Chamarajanagar,2022,6.025676586714409,3942.7685622116887
Karnataka,Chamarajanagar,2023,8.592595165530057,10661.27170098556
Karnataka,Chamarajanagar,2024,13.338124041436092,8251.413789502627
Karnataka,Chamarajanagar,2025,10.1683563883686,7802.953138538061
Karnataka,Chikkamagaluru,2001,238.5931513892085,154917.60508530255
Karnataka,Chikkamagaluru,2002,270.74773515270994,157831.5691721463
Karnataka,Chikkamagaluru,2003,263.71921436156293,161562.45341768913
Karnataka,Chikkamagaluru,2004,298.9188307941161,176332.38560696927
Karnataka,Chikkamagaluru,2005,244.8615456460232,144530.61781960452
Karnataka,Chikkamagaluru,2006,147.09553140160642,87631.99524321355
Karnataka,Chikkamagaluru,2007,537.6435012928665,316338.9205955836
Karnataka,Chikkamagaluru,2008,339.62659807656206,199608.56959669344
Karnataka,Chikkamagaluru,2009,289.9379426816189,183113.7118705197
Karnataka,Chikkamagaluru,2010,184.3000667732313,123946.65787513352
Karnataka,Chikkamagaluru,2011,84.54780149571181,55163.42164235752
Karnataka,Chikkamagaluru,2012,410.0243088504119,264193.8675980808
Karnataka,Chikkamagaluru,2013,218.19386253906413,128827.05464208976
Karnataka,Chikkamagaluru,2014,262.8447047619955,163125.5178736792
Karnataka,Chikkamagaluru,2015,176.00623769247176,109907.20986174577
Karnataka,Chikkamagaluru,2016,471.3779988952082,300110.1863450501
Karnataka,Chikkamagaluru,2017,395.81939527624286,263114.3079496066
Karnataka,Chikkamagaluru,2018,385.04961144040266,246475.3687397712
Karnataka,Chikkamagaluru,2019,329.08627947288414,219792.24874063145
Karnataka,Chikkamagaluru,2020,401.2980069784029,274886.2100368052
Karnataka,Chikkamagaluru,2021,269.0212460665842,198331.29312880905
Karnataka,Chikkamagaluru,2022,249.11053958534453,192911.03157396847
Karnataka,Chikkamagaluru,2023,792.5953846296969,611224.1934641676
Karnataka,Chikkamagaluru,2024,445.6523702407292,362615.117129364
Karnataka,Chikkamagaluru,2025,620.8168604055818,512238.3665037099
Karnataka,Dakshina Kannada,2001,272.60788112103586,162572.18495614492
Karnataka,Dakshina Kannada,2002,179.01342315758956,108588.34797407775
Karnataka,Dakshina Kannada,2003,162.76384711200097,94403.7654468492
Karnataka,Dakshina Kannada,2004,294.0101528163897,177093.0273215235
Karnataka,Dakshina Kannada,2005,328.4420230434297,196623.06881977108
Karnataka,Dakshina Kannada,2006,213.91758817581845,127730.159500225
Karnataka,Dakshina Kannada,2007,949.2403531169545,573828.3028912506
Karnataka,Dakshina Kannada,2008,637.8206296242557,381695.02339932014
Karnataka,Dakshina Kannada,2009,568.1077756955941,352975.12256669067
Karnataka,Dakshina Kannada,2010,324.5443966517177,202354.62018204608
Karnataka,Dakshina Kannada,2011,299.0255380885689,186774.54139963727
Karnataka,Dakshina Kannada,2012,809.080380941449,510079.0453309885
Karnataka,Dakshina Kannada,2013,540.5537632488158,314954.9906131647
Karnataka,Dakshina Kannada,2014,510.4362132312885,294558.8470379899
Karnataka,Dakshina Kannada,2015,337.9516619556841,197552.1998953473
Karnataka,Dakshina Kannada,2016,1108.981426553842,650170.4918316233
Karnataka,Dakshina Kannada,2017,954.820242838414,566539.3108536999
Karnataka,Dakshina Kannada,2018,1071.6458086358086,644471.6911236973
Karnataka,Dakshina Kannada,2019,581.5372166487714,356019.66612094006
Karnataka,Dakshina Kannada,2020,641.620851189754,389559.1745635616
Karnataka,Dakshina Kannada,2021,815.6846342094365,500381.7046352522
Karnataka,Dakshina Kannada,2022,1046.4749588112784,647770.530719441
Karnataka,Dakshina Kannada,2023,1457.959279031293,917646.9448647652
Karnataka,Dakshina Kannada,2024,875.5714983813741,552142.4162346479
Karnataka,Dakshina Kannada,2025,870.0157463042642,558441.6014720596
Karnataka,Hassan,2001,560.7455467806509,363271.8039375733
Karnataka,Hassan,2002,146.64270984367892,92107.6036355253
Karnataka,Hassan,2003,175.16934169485077,103295.5084320628
Karnataka,Hassan,2004,167.19971383978796,103125.16641877704
Karnataka,Hassan,2005,263.8922021196187,161398.1450208018
Karnataka,Hassan,2006,86.22122869315379,53304.22682600946
Karnataka,Hassan,2007,546.8053286917218,345204.60929896
Karnataka,Hassan,2008,288.8105620352466,177011.86953444532
Karnataka,Hassan,2009,326.9768414713801,213384.4426968556
Karnataka,Hassan,2010,99.21325601914438,65659.4070420355
Karnataka,Hassan,2011,36.84259098978463,23838.99485345556
Karnataka,Hassan,2012,171.98308667189835,112350.46746580866
Karnataka,Hassan,2013,76.68606867846032,50397.23466123243
Karnataka,Hassan,2014,154.02924190861535,98853.34414425424
Karnataka,Hassan,2015,122.874117200587,78381.9752506292
Karnataka,Hassan,2016,250.57113479885808,163239.06433174072
Karnataka,Hassan,2017,197.8466963439517,131829.2062423529
Karnataka,Hassan,2018,345.2550587374976,224802.9093229166
Karnataka,Hassan,2019,268.5440552896648,183962.7002525166
Karnataka,Hassan,2020,331.3605614354731,230656.9674528428
Karnataka,Hassan,2021,180.8798097361177,133294.23683783785
Karnataka,Hassan,2022,205.31798450507148,166266.7952631715
Karnataka,Hassan,2023,359.8860184863263,302093.5482963003
Karnataka,Hassan,2024,346.83037233750355,301775.0949018218
Karnataka,Hassan,2025,331.08967667277585,273975.3408046322
Karnataka,Kodagu,2001,145.090621904649,93048.41769911203
Karnataka,Kodagu,2002,53.159193215613605,32689.37022645197
Karnataka,Kodagu,2003,249.367316242378,143783.02201907506
Karnataka,Kodagu,2004,143.0838681297857,83432.3498934025
Karnataka,Kodagu,2005,170.37141137857705,102852.0007099562
Karnataka,Kodagu,2006,68.12457888614095,41510.71477483047
Karnataka,Kodagu,2007,367.812497200604,226951.7057218536
Karnataka,Kodagu,2008,262.3495015104602,162289.2970678591
Karnataka,Kodagu,2009,328.8694446423278,214307.26389031488
Karnataka,Kodagu,2010,104.7872677847179,69363.57783075103
Karnataka,Kodagu,2011,59.62580372028701,39535.91737002904
Karnataka,Kodagu,2012,196.47699676752669,133244.20727571647
Karnataka,Kodagu,2013,130.74900780866207,82618.04221197151
Karnataka,Kodagu,2014,221.40782552777463,142271.21277177916
Karnataka,Kodagu,2015,71.81378202547687,49191.11914854121
Karnataka,Kodagu,2016,175.08122395156198,120403.2571046861
Karnataka,Kodagu,2017,160.05931602712732,111852.08637539909
Karnataka,Kodagu,2018,666.133374340103,449825.53590205126
Karnataka,Kodagu,2019,284.48474223289867,199529.54141107568
Karnataka,Kodagu,2020,252.39344622296537,176088.09597523717
Karnataka,Kodagu,2021,170.40401839007365,122036.12803283035
Karnataka,Kodagu,2022,194.58334929789936,149026.07603877893
Karnataka,Kodagu,2023,479.2643105194408,371148.4932456133
Karnataka,Kodagu,2024,346.243094110028,267991.70465262065
Karnataka,Kodagu,2025,462.6659447383674,360130.3655300902
Karnataka,Mysuru,2001,22.496571781793616,12549.305090324173
Karnataka,Mysuru,2002,1.65611945792806,742.6006128178426
Karnataka,Mysuru,2003,31.83292769379829,15260.319718920387
Karnataka,Mysuru,2004,9.253597033653971,4684.79988369708
Karnataka,Mysuru,2005,2.8597542721527778,1569.614150605354
Karnataka,Mysuru,2006,32.44469102576933,13346.612153076176
Karnataka,Mysuru,2007,26.111596593183048,14628.439815263788
Karnataka,Mysuru,2008,61.31567889293239,30490.25469669267
Karnataka,Mysuru,2009,7.3718409010725905,3567.920454732739
Karnataka,Mysuru,2010,0.7527047428922526,458.90529976431645
Karnataka,Mysuru,2011,11.970891571005856,5821.8656311259765
Karnataka,Mysuru,2012,10.83835864975803,5522.442850856817
Karnataka,Mysuru,2013,16.18823305558106,9263.933826863537
Karnataka,Mysuru,2014,6.32282300847385,3896.0230578424193
Karnataka,Mysuru,2015,0.903134322006836,971.2391863648484
Karnataka,Mysuru,2016,0.6022348790445963,1303.4846907006045
Karnataka,Mysuru,2017,6.479006737637262,4517.006835803491
Karnataka,Mysuru,2018,1.2040093657747395,1071.8166983101928
Karnataka,Mysuru,2019,1.4295181809879556,1796.6379014147903
Karnataka,Mysuru,2020,0.4512535180436198,2372.2061619710166
Karnataka,Mysuru,2021,2.1081458353043625,17525.722221230557
Karnataka,Mysuru,2022,3.0100047251133897,26164.83351391513
Karnataka,Mysuru,2023,19.350805656157785,58617.96815494292
Karnataka,Mysuru,2024,5.797920459386936,42426.45770733139
Karnataka,Mysuru,2025,7.601997099615886,24531.276224508645
Karnataka,Shimoga,2001,340.01968407830407,196131.97399632496
Karnataka,Shimoga,2002,195.46329225656189,109420.9122433186
Karnataka,Shimoga,2003,153.94362859060763,82371.19816552335
Karnataka,Shimoga,2004,288.0676750371026,155010.993741014
Karnataka,Shimoga,2005,732.2961200094941,400943.93540214485
Karnataka,Shimoga,2006,268.7620149705452,145322.1552530367
Karnataka,Shimoga,2007,1151.7439229902202,652689.3253674107
Karnataka,Shimoga,2008,489.03999542304894,266742.9231156577
Karnataka,Shimoga,2009,268.3227814898461,157264.76328783043
Karnataka,Shimoga,2010,87.84336027772837,51761.700103860174
Karnataka,Shimoga,2011,377.54215340908047,221400.67021939647
Karnataka,Shimoga,2012,393.3624598152069,228343.2905418796
Karnataka,Shimoga,2013,301.35130107639,173307.7705114249
Karnataka,Shimoga,2014,332.9933890101412,195345.9539097502
Karnataka,Shimoga,2015,100.43918840517148,66174.12453894645
Karnataka,Shimoga,2016,270.52657329589465,169531.29747803198
Karnataka,Shimoga,2017,235.34344741085667,161261.0877100789
Karnataka,Shimoga,2018,232.57955988025552,166913.94429651057
Karnataka,Shimoga,2019,209.67506556780543,160499.2293600072
Karnataka,Shimoga,2020,266.6194929936202,222361.77692420248
Karnataka,Shimoga,2021,236.1148289758084,225728.89224791125
Karnataka,Shimoga,2022,240.73034658072052,254196.44472987097
Karnataka,Shimoga,2023,366.3253070499424,397572.6939726448
Karnataka,Shimoga,2024,151.40100946511657,180497.68025434524
Karnataka,Shimoga,2025,204.2178847059569,226348.36129231704
Karnataka,Uttara Kannada,2001,50.969974407185326,26761.20062298572
Karnataka,Uttara Kannada,2002,66.31109206796386,32163.70222446512
Karnataka,Uttara Kannada,2003,63.11100672484754,32070.026333527065
Karnataka,Uttara Kannada,2004,69.84012349226455,35540.60132453651
Karnataka,Uttara Kannada,2005,229.8414953362342,123930.95323094587
Karnataka,Uttara Kannada,2006,73.60093664523221,39424.725593009294
Karnataka,Uttara Kannada,2007,172.676204100427,92409.57029430196
Karnataka,Uttara Kannada,2008,108.81468961833494,57303.03550972797
Karnataka,Uttara Kannada,2009,174.16899242662598,89761.2421959509
Karnataka,Uttara Kannada,2011,153.4876964255919,87769.27991682949
Karnataka,Uttara Kannada,2012,72.91341180330076,41240.85545946015
Karnataka,Uttara Kannada,2013,233.55622310876788,122617.40219368711
Karnataka,Uttara Kannada,2014,216.09979405402348,125678.64615452636
Karnataka,Uttara Kannada,2015,117.13607982947588,70825.96562038214
Karnataka,Uttara Kannada,2016,244.865729437316,152055.7226763602
Karnataka,Uttara Kannada,2017,235.563990221894,147473.92688952852
Karnataka,Uttara Kannada,2018,149.0801955779096,88818.4935282278
Karnataka,Uttara Kannada,2019,218.14697625010416,126747.35152359228
Karnataka,Uttara Kannada,2020,321.8873804689796,196443.53990885016
Karnataka,Uttara Kannada,2021,268.0592038387729,196793.8949821432
Karnataka,Uttara Kannada,2022,234.0352958114161,192780.94057474096
Karnataka,Uttara Kannada,2023,265.6989559338406,207895.66504668488
Karnataka,Uttara Kannada,2024,178.4767251230024,141491.19199397232
Karnataka,Uttara Kannada,2025,123.61773144880424,102632.9781671216
Kerala,Idukki,2001,190.8453843314084,109976.39791621876
Kerala,Idukki,2002,215.46812687539543,119770.95263550823
Kerala,Idukki,2003,804.8056413837448,450022.3787572351
Kerala,Idukki,2004,422.7376679140989,238323.308146008
Kerala,Idukki,2005,157.5784587658621,87435.69865522544
Kerala,Idukki,2006,458.8652050967132,254073.54430713807
Kerala,Idukki,2007,527.7577371727965,303918.34632665577
Kerala,Idukki,2008,451.7721132613979,257599.1545078904
Kerala,Idukki,2009,62.15676203198025,36100.83829081767
Kerala,Idukki,2010,4.549513526114366,2999.133673962236
Kerala,Idukki,2011,891.0550402344677,509616.7151886913
Kerala,Idukki,2012,862.6723820500932,496515.2305886349
Kerala,Idukki,2013,475.2454418256296,255761.548963346
Kerala,Idukki,2014,666.7175993070191,362722.79805215047
Kerala,Idukki,2015,551.1741215588281,305804.6625484507
Kerala,Idukki,2016,728.1874131411311,428561.083589601
Kerala,Idukki,2017,909.7256797211912,533716.6384033222
Kerala,Idukki,2018,913.6513437630632,540340.0747865385
Kerala,Idukki,2019,898.4046530560842,545473.936840257
Kerala,Idukki,2020,763.0935760231093,457875.1075680359
Kerala,Idukki,2021,572.3501949026642,340995.0685602965
Kerala,Idukki,2022,791.2126889939635,480423.1766747617
Kerala,Idukki,2023,1106.8339518062842,694090.3936115268
Kerala,Idukki,2024,1300.9257403970446,815461.8032172656
Kerala,Idukki,2025,1173.1182174013463,737965.5953621309
Kerala,Kollam,2001,80.03689580870225,43551.183245658
Kerala,Kollam,2002,225.2366489203445,117767.21546077271
Kerala,Kollam,2003,183.9634650083616,98151.25157941016
Kerala,Kollam,2004,232.53080850199547,128568.33356013158
Kerala,Kollam,2005,123.91077034654134,69541.75875277708
Kerala,Kollam,2006,73.12879231820638,43880.93651734587
Kerala,Kollam,2007,258.2445978650625,150423.403277414
Kerala,Kollam,2008,296.40762300776765,173815.00301262693
Kerala,Kollam,2009,71.37403854651745,43000.94859642673
Kerala,Kollam,2010,2.8877542028602434,1789.2551374198945
Kerala,Kollam,2011,544.8553837204212,325433.9176863576
Kerala,Kollam,2012,403.0545696916162,240802.64464430563
Kerala,Kollam,2013,387.0770490958193,230958.7466667672
Kerala,Kollam,2014,744.78192431294,460989.9856753594
Kerala,Kollam,2015,662.6133177218767,419458.22493209154
Kerala,Kollam,2016,1014.865717723816,629286.0544563613
Kerala,Kollam,2017,1347.5924103012012,831786.461636561
Kerala,Kollam,2018,596.6180645224367,381452.9110457597
Kerala,Kollam,2019,969.556972961892,611582.6704276653
Kerala,Kollam,2020,918.2718417664028,590834.2666737493
Kerala,Kollam,2021,802.6249896571345,532808.2093642788
Kerala,Kollam,2022,750.9522258465568,495144.4137826217
Kerala,Kollam,2023,1166.5890742451193,762904.0651712399
Kerala,Kollam,2024,1068.841856221781,704769.1201337322
Kerala,Kollam,2025,907.5302991108158,588998.0655657785
Kerala,Kozhikode,2001,13.652440730767143,6914.426560281616
Kerala,Kozhikode,2002,26.40538556534668,13792.075361390036
Kerala,Kozhikode,2003,18.63307352498915,9670.54897226292
Kerala,Kozhikode,2004,12.748897791242404,7594.104736755725
Kerala,Kozhikode,2005,52.04943845306424,29843.256327951407
Kerala,Kozhikode,2006,17.577013911008574,10090.853630174704
Kerala,Kozhikode,2007,189.5737081770752,111918.67661891948
Kerala,Kozhikode,2008,90.42234806772788,55256.99095269712
Kerala,Kozhikode,2009,29.26996341739421,17223.620223770613
Kerala,Kozhikode,2010,4.221853444120551,2578.40613991301
Kerala,Kozhikode,2011,72.8757465440766,46324.691578301376
Kerala,Kozhikode,2012,95.04695850316028,59269.26842392768
Kerala,Kozhikode,2013,74.53829172254125,46206.51482959039
Kerala,Kozhikode,2014,69.40211799760363,43291.73600640294
Kerala,Kozhikode,2015,14.557286447862412,9010.320385082
Kerala,Kozhikode,2016,209.41389403301,138502.69808616312
Kerala,Kozhikode,2017,221.73244828354328,145466.72137857764
Kerala,Kozhikode,2018,209.71394226702043,141694.64765800867
Kerala,Kozhikode,2019,96.86824264967991,63633.143659220055
Kerala,Kozhikode,2020,140.31900263756077,93759.4889235869
Kerala,Kozhikode,2021,141.90254114140404,98001.07362084508
Kerala,Kozhikode,2022,230.69449192590324,155073.8550898785
Kerala,Kozhikode,2023,395.3690341855884,271377.605958212
Kerala,Kozhikode,2024,219.65033498416025,158652.6133660198
Kerala,Kozhikode,2025,256.1784779777296,186677.09693373583
Kerala,Malappuram,2001,7.1755890575379775,3996.6791077402177
Kerala,Malappuram,2002,20.16070124497667,10439.14576970952
Kerala,Malappuram,2003,17.517799475666234,9544.074426654872
Kerala,Malappuram,2004,44.01448880306912,26064.986390394377
Kerala,Malappuram,2005,49.67890324276856,29548.883029316847
Kerala,Malappuram,2006,80.10814402590167,48248.82384181416
Kerala,Malappuram,2007,375.37642181069486,238619.99407018747
Kerala,Malappuram,2008,179.62516888082683,109812.34303558317
Kerala,Malappuram,2009,28.54228301342882,17250.57905150041
Kerala,Malappuram,2010,0.9061073844628909,579.1287878916615
Kerala,Malappuram,2011,249.47361889260537,163138.33498144377
Kerala,Malappuram,2012,170.40676765416612,111497.12694003736
Kerala,Malappuram,2013,237.9758489593225,160404.1015663548
Kerala,Malappuram,2014,237.5898612968909,158728.37130134922
Kerala,Malappuram,2015,80.48712838494954,54875.74190750323
Kerala,Malappuram,2016,599.7961297783145,431110.12905836233
Kerala,Malappuram,2017,810.9309343348863,573863.7636734729
Kerala,Malappuram,2018,701.4441573019369,495513.666958513
Kerala,Malappuram,2019,1141.8439073865927,755295.7558676797
Kerala,Malappuram,2020,687.2584621719035,497451.01235763606
Kerala,Malappuram,2021,349.7266154390712,262974.1549883376
Kerala,Malappuram,2022,622.9710186252678,465336.8819267968
Kerala,Malappuram,2023,923.4906445863936,678823.1498867584
Kerala,Malappuram,2024,625.0862059717778,459335.0383922495
Kerala,Malappuram,2025,627.176336444994,478950.39802701614
Kerala,Palakkad,2001,18.227920923786357,11197.238981031063
Kerala,Palakkad,2002,44.09831082736057,27082.783160455645
Kerala,Palakkad,2003,72.31790971276477,43059.39632576503
Kerala,Palakkad,2004,59.5122221741211,35417.82262339596
Kerala,Palakkad,2005,105.57719957213432,65319.97830965197
Kerala,Palakkad,2006,91.81544530297852,55833.010124177454
Kerala,Palakkad,2007,245.42877255871525,153961.70379471316
Kerala,Palakkad,2008,157.1462021242432,97551.22025101424
Kerala,Palakkad,2009,67.15680500533963,42403.60829301214
Kerala,Palakkad,2011,293.6411939179551,193873.51736236867
Kerala,Palakkad,2012,200.35551871889487,130308.06107698304
Kerala,Palakkad,2013,254.8509148290935,165686.9447639517
Kerala,Palakkad,2014,276.1539188953993,177324.7884052472
Kerala,Palakkad,2015,195.76621527380857,130998.01747425724
Kerala,Palakkad,2016,525.115704310051,353205.6380091254
Kerala,Palakkad,2017,482.44623531638825,331777.80349313933
Kerala,Palakkad,2018,720.9844263593498,501330.9461904764
Kerala,Palakkad,2019,771.4202357942681,520142.52508622187
Kerala,Palakkad,2020,677.5121615642984,480184.4777077592
Kerala,Palakkad,2021,565.6818266321956,402286.0239714856
Kerala,Palakkad,2022,562.4351080834413,401368.40913350345
Kerala,Palakkad,2023,1144.8605967034428,818096.777236148
Kerala,Palakkad,2024,903.7618898696304,658582.0747934388
Kerala,Palakkad,2025,829.9647597952772,607346.5883544548
Kerala,Pathanamthitta,2001,116.60781606876574,65940.38854872616
Kerala,Pathanamthitta,2002,62.59086051029622,36009.94815208207
Kerala,Pathanamthitta,2003,222.6767459419075,126811.809378803
Kerala,Pathanamthitta,2004,139.91313259490127,80716.13864620989
Kerala,Pathanamthitta,2005,126.55295219111052,73994.70065472434
Kerala,Pathanamthitta,2006,220.4508134936936,131977.86480166283
Kerala,Pathanamthitta,2007,322.618588787218,195641.51997148
Kerala,Pathanamthitta,2008,157.714487190051,93202.34681824796
Kerala,Pathanamthitta,2009,72.85666609613226,43407.506105615386
Kerala,Pathanamthitta,2010,4.254378033223199,2268.399484144748
Kerala,Pathanamthitta,2011,369.928213615424,224425.1768404092
Kerala,Pathanamthitta,2012,282.8059660087273,171140.34909448997
Kerala,Pathanamthitta,2013,167.95631691601292,104857.54909947602
Kerala,Pathanamthitta,2014,316.918506096992,193210.5942983988
Kerala,Pathanamthitta,2015,160.4283409006603,101002.48937931276
Kerala,Pathanamthitta,2016,474.52625794922034,297440.2794903576
Kerala,Pathanamthitta,2017,943.1460624514496,599859.6640012645
Kerala,Pathanamthitta,2018,374.3932381032768,237624.5629705426
Kerala,Pathanamthitta,2019,884.0470523166103,583143.83074983
Kerala,Pathanamthitta,2020,762.8074375395877,503231.97222551575
Kerala,Pathanamthitta,2021,558.8924068300369,367364.5815016505
Kerala,Pathanamthitta,2022,534.2527838195463,354636.82977203507
Kerala,Pathanamthitta,2023,1077.4961254207235,701161.7822458993
Kerala,Pathanamthitta,2024,1001.6805329709453,662710.1416012407
Kerala,Pathanamthitta,2025,1029.9112222787523,682113.7818127506
Kerala,Thiruvananthapuram,2001,22.752031402631296,12407.395452768567
Kerala,Thiruvananthapuram,2002,76.617394988565,39636.60815020977
Kerala,Thiruvananthapuram,2003,89.92411816920844,45374.5445451757
Kerala,Thiruvananthapuram,2004,141.7279614181597,77332.99660768172
Kerala,Thiruvananthapuram,2005,175.83077214901968,97216.30761814638
Kerala,Thiruvananthapuram,2006,191.3066721252729,104002.25091418384
Kerala,Thiruvananthapuram,2007,265.46966328799044,142976.34348614587
Kerala,Thiruvananthapuram,2008,325.9551843386693,184138.53684193097
Kerala,Thiruvananthapuram,2009,119.38551618817928,65472.035297226255
Kerala,Thiruvananthapuram,2010,11.950064962752275,6565.194265902703
Kerala,Thiruvananthapuram,2011,630.4217933364233,356231.12804428645
Kerala,Thiruvananthapuram,2012,387.73408514950734,214921.4033647416
Kerala,Thiruvananthapuram,2013,293.11808714543224,166299.41214457265
Kerala,Thiruvananthapuram,2014,310.4514027681432,185641.28127064084
Kerala,Thiruvananthapuram,2015,383.05685205894633,230135.5597837449
Kerala,Thiruvananthapuram,2016,828.8114447083965,474121.3737568743
Kerala,Thiruvananthapuram,2017,1546.6638433539176,891291.1916630896
Kerala,Thiruvananthapuram,2018,426.97808430266434,247939.31773997136
Kerala,Thiruvananthapuram,2019,431.9020795480201,255389.1595592117
Kerala,Thiruvananthapuram,2020,369.1489093879387,216568.2047401367
Kerala,Thiruvananthapuram,2021,533.336056393644,315406.38139392313
Kerala,Thiruvananthapuram,2022,586.2833212818117,355802.74371981085
Kerala,Thiruvananthapuram,2023,907.1791979633816,556308.2622196625
Kerala,Thiruvananthapuram,2024,660.0453818278016,404744.0022709977
Kerala,Thiruvananthapuram,2025,640.2371080512759,385395.7469514648
Kerala,Wayanad,2001,21.552959919710833,13078.215049794588
Kerala,Wayanad,2002,17.034067977489148,9959.126604951252
Kerala,Wayanad,2003,42.66245001280762,26014.818185018557
Kerala,Wayanad,2004,53.67243234676051,34757.987985593274
Kerala,Wayanad,2005,85.56460032984428,54364.566080412624
Kerala,Wayanad,2006,52.23795627791069,32800.76535743941
Kerala,Wayanad,2007,368.35102588995994,241327.8814519457
Kerala,Wayanad,2008,168.8943607960265,113472.7343116379
Kerala,Wayanad,2009,59.39236750501031,39981.93059327417
Kerala,Wayanad,2010,4.520935472810329,3227.7594126232284
Kerala,Wayanad,2011,178.2101128254384,119646.4572214594
Kerala,Wayanad,2012,145.48284123622284,100515.84611549487
Kerala,Wayanad,2013,90.14899002230199,57094.51580147732
Kerala,Wayanad,2014,123.16165996081703,80282.32625124822
Kerala,Wayanad,2015,43.942845762144096,29380.04052452416
Kerala,Wayanad,2016,176.6849300950673,120419.5846797048
Kerala,Wayanad,2017,185.49130111527177,124773.07599736782
Kerala,Wayanad,2018,290.33716236433594,200012.92496476843
Kerala,Wayanad,2019,212.52410914282385,143833.64654473006
Kerala,Wayanad,2020,189.05245189064132,131956.35846894412
Kerala,Wayanad,2021,139.37336769192171,103239.4933792421
Kerala,Wayanad,2022,193.48584795555007,144445.23279592197
Kerala,Wayanad,2023,975.3571848532696,735525.0834698823
Kerala,Wayanad,2024,485.3685227262444,350217.3750333912
Kerala,Wayanad,2025,552.7449853411607,418146.4040719149
Maharashtra,Kolhapur,2001,0.4434890299831814,239.76531276542732
Maharashtra,Kolhapur,2002,4.0675755720849605,1979.8930450116025
Maharashtra,Kolhapur,2003,1.4047104039767797,769.6300587813319
Maharashtra,Kolhapur,2004,5.616728789603407,2792.88362901564
Maharashtra,Kolhapur,2005,33.737738036584744,18390.08930520589
Maharashtra,Kolhapur,2006,3.475210676502821,1704.57478270587
Maharashtra,Kolhapur,2007,4.732723535706922,2509.4768466151486
Maharashtra,Kolhapur,2008,10.575338079964192,5523.170560798352
Maharashtra,Kolhapur,2009,4.438871370030925,2178.9930138650384
Maharashtra,Kolhapur,2010,2.587879884753689,1359.262234863396
Maharashtra,Kolhapur,2011,47.907833991015615,23979.55546320608
Maharashtra,Kolhapur,2012,10.94995728778212,5849.038405865767
Maharashtra,Kolhapur,2013,7.547036898841688,3745.2427627315096
Maharashtra,Kolhapur,2014,7.324307062279187,3577.3553236678904
Maharashtra,Kolhapur,2015,2.4426220597862414,1605.3408158369944
Maharashtra,Kolhapur,2016,6.439102694960937,3347.6989067718205
Maharashtra,Kolhapur,2017,13.179112248634976,6984.251248870713
Maharashtra,Kolhapur,2018,35.07210028917532,19247.16757477688
Maharashtra,Kolhapur,2019,7.477258254906685,4435.73545960681
Maharashtra,Kolhapur,2020,11.991094410237087,6422.4284043436255
Maharashtra,Kolhapur,2021,13.534032087866755,7614.738466415699
Maharashtra,Kolhapur,2022,27.889551968585057,14953.434067261203
Maharashtra,Kolhapur,2023,55.78471463593359,30829.49617868629
Maharashtra,Kolhapur,2024,53.47707942507816,27598.01891570735
Maharashtra,Kolhapur,2025,32.52382523893284,16475.23466032499
Maharashtra,Nashik,2001,0.8689388282931858,423.2482092992444
Maharashtra,Nashik,2002,0.869222768484158,474.22352033342906
Maharashtra,Nashik,2003,0.144318533656684,114.1124725369474
Maharashtra,Nashik,2004,1.3751162504437937,680.5359800498944
Maharashtra,Nashik,2005,0.5057174570128038,247.0944502131642
Maharashtra,Nashik,2006,0.5781911420117188,312.64334002124
Maharashtra,Nashik,2007,0.9400749311577692,473.92225948829457
Maharashtra,Nashik,2008,0.3609564247482639,217.42206115252088
Maharashtra,Nashik,2009,0.5062737780620659,297.7630688126259
Maharashtra,Nashik,2010,0.1451640374826388,107.06869840090847
Maharashtra,Nashik,2011,0.5053938909092882,361.24088455866007
Maharashtra,Nashik,2012,1.156728808889974,730.9203115319534
Maharashtra,Nashik,2013,0.4349442360980903,260.9259073892099
Maharashtra,Nashik,2014,0.0721579994889323,43.71797923064536
Maharashtra,Nashik,2019,0.0721041598741319,34.44234268547658
Maharashtra,Nashik,2023,0.0,20.18262722059037
Maharashtra,Nashik,2024,0.0,98.94811221638584
Maharashtra,Nashik,2025,0.0,87.60681671994543
Maharashtra,Pune,2001,5.317710255945096,3739.88133782407
Maharashtra,Pune,2002,1.0221647490625,557.8906421879956
Maharashtra,Pune,2003,1.4620428488053383,734.5216616267293
Maharashtra,Pune,2004,2.701410994659288,1666.5364450268537
Maharashtra,Pune,2005,1.7536431647233075,961.9880555388384
Maharashtra,Pune,2006,6.141289753567709,3381.053957798817
Maharashtra,Pune,2007,0.5116444811794705,297.8029018757739
Maharashtra,Pune,2008,4.672385483440755,2841.2498735286144
Maharashtra,Pune,2009,0.2192756254730903,119.9374807473248
Maharashtra,Pune,2010,0.5103426811197916,398.4631425093208
Maharashtra,Pune,2011,0.1460711986946614,160.21724325076505
Maharashtra,Pune,2012,0.2917018661241319,187.2294145906972
Maharashtra,Pune,2013,0.4383774853710937,212.66161917361376
Maharashtra,Pune,2014,0.7297309334255642,361.1018305193057
Maharashtra,Pune,2016,44.01746925568034,25877.89785722577
Maharashtra,Pune,2017,23.369947661555983,12212.199628187323
Maharashtra,Pune,2018,1.682140616541884,994.6517573461798
Maharashtra,Pune,2019,7.229742329419488,4200.147044647712
Maharashtra,Pune,2020,9.795806869670136,5426.237578555464
Maharashtra,Pune,2021,5.774838280677087,3404.7817530066004
Maharashtra,Pune,2022,2.6312132771961805,1691.71335283342
Maharashtra,Pune,2023,6.563150714603951,3993.269780988602
Maharashtra,Pune,2024,8.90784348584093,5114.24014756646
Maharashtra,Pune,2025,2.6318976789127606,1455.547503095704
Maharashtra,Raigad,2001,5.5485344242816845,3473.2657653958936
Maharashtra,Raigad,2002,2.1183941641330293,1313.8068043507255
Maharashtra,Raigad,2003,0.5850682989366319,357.389130451936
Maharashtra,Raigad,2004,3.8725533961555993,2015.917773478356
Maharashtra,Raigad,2005,4.669660104248047,2756.1832042915207
Maharashtra,Raigad,2006,3.2144300280360247,1840.827271136996
Maharashtra,Raigad,2007,0.6573974946690538,312.0306677098951
Maharashtra,Raigad,2008,2.849114837324219,1496.212866587697
Maharashtra,Raigad,2009,1.7542066850596787,1094.3885262433278
Maharashtra,Raigad,2010,1.9723112257356767,939.9656526701856
Maharashtra,Raigad,2011,1.2422030037901477,625.4630731811038
Maharashtra,Raigad,2012,1.169238437925347,649.5145817498095
Maharashtra,Raigad,2013,5.187896222182075,2576.636065475118
Maharashtra,Raigad,2014,6.429212194174263,2943.1997152269328
Maharashtra,Raigad,2016,3.802348514359808,2215.4203683500746
Maharashtra,Raigad,2017,0.5114833985753038,271.5634923194628
Maharashtra,Raigad,2018,0.8767830664941406,455.9007302180228
Maharashtra,Raigad,2019,3.800539572361111,1787.6115011266093
Maharashtra,Raigad,2020,4.972277101995443,2389.186548136692
Maharashtra,Raigad,2021,6.878757989392361,4422.373997336273
Maharashtra,Raigad,2022,3.7317279347623695,1957.6586881453047
Maharashtra,Raigad,2023,11.472781130309246,8610.545041690253
Maharashtra,Raigad,2024,6.650683651781684,3298.466382916815
Maharashtra,Raigad,2025,5.1201459989463975,2784.2934448072947
Maharashtra,Ratnagiri,2001,1.3237508694769964,526.2989513603544
Maharashtra,Ratnagiri,2002,1.9834345338932289,959.2073454981032
Maharashtra,Ratnagiri,2003,0.0738005820800781,35.536020794901155
Maharashtra,Ratnagiri,2004,1.395044491546224,654.2465827742825
Maharashtra,Ratnagiri,2005,3.0889708608951825,1503.46514094522
Maharashtra,Ratnagiri,2006,1.0294019897124569,509.3770821379703
Maharashtra,Ratnagiri,2007,0.8092805502018229,396.6676490107837
Maharashtra,Ratnagiri,2008,2.943660599967448,1381.4691684981628
Maharashtra,Ratnagiri,2009,2.649039723701172,1175.1143946964985
Maharashtra,Ratnagiri,2010,3.15882768389974,1556.6209929504491
Maharashtra,Ratnagiri,2011,1.9860919297471789,1008.986459118459
Maharashtra,Ratnagiri,2012,3.6795425140625,1840.150198416966
Maharashtra,Ratnagiri,2013,5.081679258408204,2242.949581484598
Maharashtra,Ratnagiri,2014,3.976910302320964,1817.3790660415573
Maharashtra,Ratnagiri,2015,0.2946282973307291,108.37843270169888
Maharashtra,Ratnagiri,2016,12.048807477271051,5310.960694714397
Maharashtra,Ratnagiri,2017,6.53552824062717,2779.718070660311
Maharashtra,Ratnagiri,2018,12.491466856090495,5708.44071430588
Maharashtra,Ratnagiri,2019,20.583431472246097,9851.162468972696
Maharashtra,Ratnagiri,2020,8.88531301515625,4041.1355826160175
Maharashtra,Ratnagiri,2021,7.49682993195421,3719.573681593504
Maharashtra,Ratnagiri,2022,7.646004685151911,3944.884937348248
Maharashtra,Ratnagiri,2023,14.619432600283204,6776.371020084919
Maharashtra,Ratnagiri,2024,11.750768232412108,6487.158152816346
Maharashtra,Ratnagiri,2025,23.502960692766926,10966.39015515541
Maharashtra,Sangli,2002,0.0735855404568142,41.33862657796784
Maharashtra,Sangli,2005,0.2207402501193576,92.70199020950524
Maharashtra,Sangli,2012,0.0735721645182291,43.32616450821642
Maharashtra,Sangli,2017,0.0,22.52011413813595
Maharashtra,Sangli,2018,0.0,63.83231070508565
Maharashtra,Sangli,2019,0.0,83.03516500006346
Maharashtra,Sangli,2021,4.341009903756511,2162.2335369586617
Maharashtra,Sangli,2022,0.8093272576345486,355.73857040695407
Maharashtra,Sangli,2023,0.0,226.5534825555519
Maharashtra,Satara,2001,0.0734474420800781,46.0257113692244
Maharashtra,Satara,2002,0.5130307703135851,284.5358762860244
Maharashtra,Satara,2003,0.0734268673253038,46.49970146664136
Maharashtra,Satara,2004,1.248028596905382,592.8696939966234
Maharashtra,Satara,2005,1.2480085399685328,691.2292520613892
Maharashtra,Satara,2006,0.7338928657009548,403.47284107015474
Maharashtra,Satara,2007,1.613052081972656,757.7295967130428
Maharashtra,Satara,2008,2.4959758034733075,1360.728190445134
Maharashtra,Satara,2009,1.6141315521419273,851.3066780771311
Maharashtra,Satara,2010,2.201264576290148,1084.6478967769792
Maharashtra,Satara,2011,0.6605182533333332,357.7056933526558
Maharashtra,Satara,2012,0.5870656466764324,343.7637007625629
Maharashtra,Satara,2013,0.5876289600575088,221.4230354813228
Maharashtra,Satara,2014,1.323571181359592,451.1566076672453
Maharashtra,Satara,2015,0.1470801446332465,56.78050348968352
Maharashtra,Satara,2016,2.127460533771701,922.5781461321168
Maharashtra,Satara,2017,0.5134312604600694,231.41467816181407
Maharashtra,Satara,2018,1.1746072248166233,445.8507929583392
Maharashtra,Satara,2019,1.8342006761002607,764.937004354061
Maharashtra,Satara,2020,1.984426343311632,821.5415986229466
Maharashtra,Satara,2021,8.808119454491104,4077.984036858724
Maharashtra,Satara,2022,9.320953692606338,4479.732666292485
Maharashtra,Satara,2023,1.101258083563368,624.7558443257433
Maharashtra,Satara,2025,0.8070835165668403,370.97816909811456
Maharashtra,Sindhudurg,2001,4.144445523900825,2036.9294601197728
Maharashtra,Sindhudurg,2002,9.394009733067492,4868.113565582449
Maharashtra,Sindhudurg,2003,4.960889310148655,2773.8078038832896
Maharashtra,Sindhudurg,2004,18.2031934575982,9751.957091045071
Maharashtra,Sindhudurg,2005,54.19178196881892,31597.850779799817
Maharashtra,Sindhudurg,2006,22.59362081284668,11552.747653947854
Maharashtra,Sindhudurg,2007,101.22694052801054,58694.53884463704
Maharashtra,Sindhudurg,2008,89.59193591216736,49060.95926675889
Maharashtra,Sindhudurg,2009,86.85797181449166,48737.5145862777
Maharashtra,Sindhudurg,2010,50.55817346973034,30092.30328669609
Maharashtra,Sindhudurg,2011,186.45840848273,107602.39524090049
Maharashtra,Sindhudurg,2012,144.0205941436319,82011.29142455112
Maharashtra,Sindhudurg,2013,92.26268495228516,44934.33987247008
Maharashtra,Sindhudurg,2014,186.8930746744288,96531.44257138036
Maharashtra,Sindhudurg,2015,57.323419407217344,29813.03541327501
Maharashtra,Sindhudurg,2016,384.58975386904905,197339.7098299371
Maharashtra,Sindhudurg,2017,259.28407268066894,135646.18159194628
Maharashtra,Sindhudurg,2018,338.3251727510282,178093.3449535021
Maharashtra,Sindhudurg,2019,274.3245474083556,143501.7207456222
Maharashtra,Sindhudurg,2020,184.4799964147668,94877.53330059504
Maharashtra,Sindhudurg,2021,138.32627078515685,74523.06472920727
Maharashtra,Sindhudurg,2022,131.8161161409813,70321.26370366351
Maharashtra,Sindhudurg,2023,235.70895435694996,124991.41204234117
Maharashtra,Sindhudurg,2024,145.8658809328612,77253.1570945391
Maharashtra,Sindhudurg,2025,156.67677650713813,85370.28156250791
Tamil Nadu,Coimbatore,2001,16.424172768139105,8744.739085972504
Tamil Nadu,Coimbatore,2002,29.365727719934352,15516.923890329796
Tamil Nadu,Coimbatore,2003,47.16227388589249,27345.209005896195
Tamil Nadu,Coimbatore,2004,20.509630901374784,11379.56244302547
Tamil Nadu,Coimbatore,2005,24.19147606217014,12292.759193614933
Tamil Nadu,Coimbatore,2006,31.48746256252985,18123.740777041763
Tamil Nadu,Coimbatore,2007,59.26170224838162,33122.20709862132
Tamil Nadu,Coimbatore,2008,45.485669037180976,26105.4142329159
Tamil Nadu,Coimbatore,2009,20.41747925104276,10846.002126175288
Tamil Nadu,Coimbatore,2010,0.075638130804579,46.279008439327455
Tamil Nadu,Coimbatore,2011,171.5328856839252,95559.16635310574
Tamil Nadu,Coimbatore,2012,103.98129864848195,57617.3581565892
Tamil Nadu,Coimbatore,2013,56.83125853366917,32072.934111738225
Tamil Nadu,Coimbatore,2014,94.02595531034288,52911.322036621365
Tamil Nadu,Coimbatore,2015,23.158887936164824,13931.790228265489
Tamil Nadu,Coimbatore,2016,73.65444870050126,41549.59903488468
Tamil Nadu,Coimbatore,2017,58.94555312630805,32803.22841814507
Tamil Nadu,Coimbatore,2018,124.13563351013995,70897.41114917136
Tamil Nadu,Coimbatore,2019,90.28410760907984,53052.1303535416
Tamil Nadu,Coimbatore,2020,89.3131514075581,53159.89774746449
Tamil Nadu,Coimbatore,2021,65.8296611414578,43052.097636903214
Tamil Nadu,Coimbatore,2022,129.85237366999513,83023.28540728678
Tamil Nadu,Coimbatore,2023,306.9149369217924,195728.16405730977
Tamil Nadu,Coimbatore,2024,404.7783045746853,272425.7486020149
Tamil Nadu,Coimbatore,2025,322.5406306767232,217773.57754912332
Tamil Nadu,Dindigul,2001,936.3093292795688,730531.7858700989
Tamil Nadu,Dindigul,2002,113.74994924198572,56102.82818432597
Tamil Nadu,Dindigul,2003,46.35162684843045,27737.97859588524
Tamil Nadu,Dindigul,2004,426.6264497146178,260077.5924322684
Tamil Nadu,Dindigul,2005,87.2515272046962,55402.144501647344
Tamil Nadu,Dindigul,2006,394.2598706387674,242473.54031924007
Tamil Nadu,Dindigul,2007,165.85187555644967,94836.94134980396
Tamil Nadu,Dindigul,2008,236.34928552740328,137721.36028352895
Tamil Nadu,Dindigul,2009,40.36776083997452,20488.23595287036
Tamil Nadu,Dindigul,2011,126.90852868622883,62576.88736104428
Tamil Nadu,Dindigul,2012,114.35582102178763,61278.77737811406
Tamil Nadu,Dindigul,2013,122.019489008488,67435.2635938245
Tamil Nadu,Dindigul,2014,227.88257913368307,123763.16236774216
Tamil Nadu,Dindigul,2015,221.13020287662684,134410.6705403499
Tamil Nadu,Dindigul,2016,176.2246130916986,99555.60226317956
Tamil Nadu,Dindigul,2017,95.64558473503256,55654.01624545668
Tamil Nadu,Dindigul,2018,122.59772784750808,73281.68402841942
Tamil Nadu,Dindigul,2019,192.1082430929899,117924.0503738488
Tamil Nadu,Dindigul,2020,176.60186217509553,91510.3573623386
Tamil Nadu,Dindigul,2021,180.314795444999,101272.28167132632
Tamil Nadu,Dindigul,2022,149.94846281461042,90246.57228780304
Tamil Nadu,Dindigul,2023,178.048512591608,113960.37203465584
Tamil Nadu,Dindigul,2024,1004.7975665668088,394966.8521109152
Tamil Nadu,Dindigul,2025,337.8379265240809,186826.55850117648
Tamil Nadu,Erode,2001,2.5649254757221134,1108.8801611633503
Tamil Nadu,Erode,2002,6.41336199957628,2699.950167127148
Tamil Nadu,Erode,2003,21.794534395157875,10023.862785571344
Tamil Nadu,Erode,2004,6.107522679709201,2883.5400846273424
Tamil Nadu,Erode,2005,2.940828238763564,1445.9193166599605
Tamil Nadu,Erode,2006,6.7084763888530805,2824.708979911548
Tamil Nadu,Erode,2007,12.742144364583332,5698.15317741836
Tamil Nadu,Erode,2008,10.333489895131295,4812.2498003513365
Tamil Nadu,Erode,2009,1.0554423265592447,417.464593322646
Tamil Nadu,Erode,2011,9.048934170847982,4858.009629216186
Tamil Nadu,Erode,2012,6.861127229933811,2962.790773993044
Tamil Nadu,Erode,2013,1.8093121914436847,899.8963594639225
Tamil Nadu,Erode,2014,3.166649001995985,1423.4881714883647
Tamil Nadu,Erode,2015,1.2058808433588324,600.8557148437835
Tamil Nadu,Erode,2016,3.9942447264773215,2282.494785041637
Tamil Nadu,Erode,2017,12.4367113164209,6408.491477555385
Tamil Nadu,Erode,2018,6.78371892436469,2799.466656696477
Tamil Nadu,Erode,2019,18.763326063042538,7211.215314359797
Tamil Nadu,Erode,2020,3.8447332326329207,1523.5300194822837
Tamil Nadu,Erode,2021,6.936286654726564,3106.8210957144324
Tamil Nadu,Erode,2022,5.3532446085053165,2974.070782675188
Tamil Nadu,Erode,2023,11.229937571655816,8383.321665788937
Tamil Nadu,Erode,2024,14.999205113643113,10894.705264162289
Tamil Nadu,Erode,2025,22.689743670326063,12692.385339062504
Tamil Nadu,Kanyakumari,2001,127.00966150892022,66879.45150230246
Tamil Nadu,Kanyakumari,2002,64.3358172770296,29698.857327310616
Tamil Nadu,Kanyakumari,2003,107.51914304565852,47587.64731951555
Tamil Nadu,Kanyakumari,2004,6.699037480540364,3267.139585491236
Tamil Nadu,Kanyakumari,2005,325.4448183387164,155378.16524415364
Tamil Nadu,Kanyakumari,2006,564.2047959654991,286924.2237955934
Tamil Nadu,Kanyakumari,2007,361.81976699175686,182390.8506799484
Tamil Nadu,Kanyakumari,2008,287.7406758789096,143486.3941262278
Tamil Nadu,Kanyakumari,2009,136.5942044435156,68189.65376256386
Tamil Nadu,Kanyakumari,2010,65.85824993400927,33741.580078398125
Tamil Nadu,Kanyakumari,2011,149.3985907576893,74922.53473217667
Tamil Nadu,Kanyakumari,2012,322.0101044311761,163441.7792012088
Tamil Nadu,Kanyakumari,2013,176.02309850255705,87797.51460188259
Tamil Nadu,Kanyakumari,2014,257.4157433381528,130499.80257084507
Tamil Nadu,Kanyakumari,2015,392.7775043980499,203871.43146264288
Tamil Nadu,Kanyakumari,2016,664.1933530585469,346725.4245032014
Tamil Nadu,Kanyakumari,2017,910.9479163688956,481283.2794291654
Tamil Nadu,Kanyakumari,2018,903.0961229764496,473852.55199112016
Tamil Nadu,Kanyakumari,2019,592.6019758767645,318817.95539296017
Tamil Nadu,Kanyakumari,2020,389.3341816416992,212868.54116558377
Tamil Nadu,Kanyakumari,2021,650.22055718617,374862.5251410455
Tamil Nadu,Kanyakumari,2022,435.2258335976471,250947.44820981653
Tamil Nadu,Kanyakumari,2023,538.4076420698318,301682.8149764152
Tamil Nadu,Kanyakumari,2024,425.6536336400271,243308.1875326367
Tamil Nadu,Kanyakumari,2025,578.5924227937286,328714.02286633634
Tamil Nadu,Nilgiris,2001,23.0127921733214,11749.89809464418
Tamil Nadu,Nilgiris,2002,53.87421357461588,28927.699789669496
Tamil Nadu,Nilgiris,2003,83.07710875272298,45328.87269293034
Tamil Nadu,Nilgiris,2004,173.68375312147026,98499.91751294928
Tamil Nadu,Nilgiris,2005,191.86530011041089,113353.24937839949
Tamil Nadu,Nilgiris,2006,136.25276986761443,83249.38728940615
Tamil Nadu,Nilgiris,2007,636.8772688129118,357071.2828053056
Tamil Nadu,Nilgiris,2008,106.16096322249726,57212.60480320068
Tamil Nadu,Nilgiris,2009,52.36677624679687,29498.875654439256
Tamil Nadu,Nilgiris,2011,174.59727618105953,95526.71361423224
Tamil Nadu,Nilgiris,2012,139.88904795650336,77621.60086877039
Tamil Nadu,Nilgiris,2013,139.9690400618484,74465.47798785524
Tamil Nadu,Nilgiris,2014,212.2406229648884,111904.19006219844
Tamil Nadu,Nilgiris,2015,234.89718368794323,128379.3666759354
Tamil Nadu,Nilgiris,2016,208.7615964397097,118113.20668055078
Tamil Nadu,Nilgiris,2017,198.87353905422148,118532.7302416279
Tamil Nadu,Nilgiris,2018,531.6997647360363,311633.8823811442
Tamil Nadu,Nilgiris,2019,513.6937430961002,329966.7280549187
Tamil Nadu,Nilgiris,2020,261.90049748166507,160622.2698826794
Tamil Nadu,Nilgiris,2021,132.70740749797693,79809.12753352748
Tamil Nadu,Nilgiris,2022,269.2715885065515,165380.83634376156
Tamil Nadu,Nilgiris,2023,662.0129829513508,418719.49097500247
Tamil Nadu,Nilgiris,2024,728.273154430941,501316.3139680853
Tamil Nadu,Nilgiris,2025,589.4218230404505,373820.3058554453
Tamil Nadu,Theni,2001,27.89828220634277,14749.883435702304
Tamil Nadu,Theni,2002,45.86291191461317,23701.70100515896
Tamil Nadu,Theni,2003,26.616499271569555,14191.41720297086
Tamil Nadu,Theni,2004,70.69316220965766,36522.11590420376
Tamil Nadu,Theni,2005,27.60088479566514,14196.352266864267
Tamil Nadu,Theni,2006,99.84880647790472,54681.67116833426
Tamil Nadu,Theni,2007,49.20961069547309,26844.73213562553
Tamil Nadu,Theni,2008,85.69069625657774,44866.79385240874
Tamil Nadu,Theni,2009,24.80225692161457,14676.446986869376
Tamil Nadu,Theni,2010,1.289131067323134,644.1896494340926
Tamil Nadu,Theni,2011,137.1947242325762,82245.40656020242
Tamil Nadu,Theni,2012,154.18506834002218,88926.18024641706
Tamil Nadu,Theni,2013,42.85371961065376,21998.747437344104
Tamil Nadu,Theni,2014,41.18405458788792,22513.440999046823
Tamil Nadu,Theni,2015,38.06613908504776,20973.585977706705
Tamil Nadu,Theni,2016,40.42021556643284,20927.18604856988
Tamil Nadu,Theni,2017,34.57975952765462,19719.56365139316
Tamil Nadu,Theni,2018,19.71535907349229,10688.986394672776
Tamil Nadu,Theni,2019,25.01620382095324,14729.06361093604
Tamil Nadu,Theni,2020,37.90709174022949,22297.84745628376
Tamil Nadu,Theni,2021,36.78854597895506,29534.70039837714
Tamil Nadu,Theni,2022,32.75410991339191,20847.4314435104
Tamil Nadu,Theni,2023,105.4855412079844,72915.89309695105
Tamil Nadu,Theni,2024,72.04852332645456,56838.94710083652
Tamil Nadu,Theni,2025,67.34859904775506,65092.828396684
Tamil Nadu,Tirunelveli,2001,259.43739642119897,144871.15833174865
Tamil Nadu,Tirunelveli,2002,206.82536447219184,110497.80919345608
Tamil Nadu,Tirunelveli,2003,77.33606018123811,32141.36086045952
Tamil Nadu,Tirunelveli,2004,32.156979131276586,18636.94875034466
Tamil Nadu,Tirunelveli,2005,181.13052885129116,84552.14017334388
Tamil Nadu,Tirunelveli,2006,142.99261490750703,85401.84709199272
Tamil Nadu,Tirunelveli,2007,138.13786927165089,82887.95048329576
Tamil Nadu,Tirunelveli,2008,205.19609401274292,105982.4917048899
Tamil Nadu,Tirunelveli,2009,22.21412103237793,10849.701094898095
Tamil Nadu,Tirunelveli,2010,0.0761660988004557,19.901108216507943
Tamil Nadu,Tirunelveli,2011,124.62883454747936,66406.2072640084
Tamil Nadu,Tirunelveli,2012,263.3392159269207,124320.96630565423
Tamil Nadu,Tirunelveli,2013,19.55147884317925,9623.84115660294
Tamil Nadu,Tirunelveli,2014,18.933734869584416,9695.942266775482
Tamil Nadu,Tirunelveli,2015,44.04926046472328,22706.766731873464
Tamil Nadu,Tirunelveli,2016,34.90509646893229,17670.344033657548
Tamil Nadu,Tirunelveli,2017,14.219577780276694,7151.543312375788
Tamil Nadu,Tirunelveli,2018,24.184281207750107,14437.227485993732
Tamil Nadu,Tirunelveli,2019,7.228206368977864,3436.201754717717
Tamil Nadu,Tirunelveli,2020,5.5494903252690975,2935.9093206901543
Tamil Nadu,Tirunelveli,2021,7.524837377768555,5046.564700476864
Tamil Nadu,Tirunelveli,2022,8.591217001892362,6658.151898089608
Tamil Nadu,Tirunelveli,2023,64.08599192035915,38680.190475862655
Tamil Nadu,Tirunelveli,2024,14.292643412690431,11342.763879264656
Tamil Nadu,Tirunelveli,2025,26.084400572516277,17044.981077940003
